{
  "dataset_type": "wazuh_alerts_8263181",
  "mode": "binary_anomaly",
  "sample_frac": 0.02,
  "max_records_per_file": null,
  "random_state": 42,
  "contamination": 0.12,
  "dataset_rows": 51645,
  "train_rows": 41316,
  "benign_train_rows": 14069,
  "test_rows": 10329,
  "accuracy": 0.2991577112982864,
  "f1_score": 0.0016549441456350847,
  "auc_roc": 0.6293618146304227,
  "label_distribution": {
    "BENIGN": 17586,
    "ATTACK": 34059
  }
}