{
  "dataset_type": "wazuh_alerts_8263181",
  "mode": "binary_anomaly",
  "sample_frac": 0.02,
  "max_records_per_file": null,
  "random_state": 42,
  "contamination": "auto",
  "tuned_threshold": -0.15576727787420053,
  "top_features_used": null,
  "dataset_rows": 51645,
  "train_rows": 30987,
  "val_rows": 10329,
  "benign_train_rows": 10552,
  "test_rows": 10329,
  "accuracy": 0.8394810727079097,
  "f1_score": 0.8889484259879438,
  "auc_roc": 0.6496016913737168,
  "label_distribution": {
    "BENIGN": 17586,
    "ATTACK": 34059
  }
}