{
  "mode": "binary_anomaly",
  "sample_frac": 0.03,
  "random_state": 42,
  "contamination": 0.15,
  "dataset_rows": 63023,
  "train_rows": 50418,
  "benign_train_rows": 39731,
  "test_rows": 12605,
  "accuracy": 0.7953986513288378,
  "f1_score": 0.5555747027399621,
  "auc_roc": 0.8048200638891351,
  "label_distribution": {
    "BENIGN": 49664,
    "ATTACK": 13359
  }
}